{
  "analysis_refinement": {
    "avg_relevance_score": 0.8295454545454546,
    "cpu_time_sec_avg": 0.005066500000000029,
    "rss_kb_delta_max": 0,
    "success_rate": 1.0,
    "total_runs": 2,
    "wall_time_sec_avg": 1.1811568744888064,
    "wall_time_sec_p95": 0.712146790989209
  },
  "clarification": {
    "avg_relevance_score": 0.09833333333333333,
    "classification_accuracy": 1.0,
    "cpu_time_sec_avg": 0.02956239999999998,
    "json_success_rate": 1.0,
    "question_count_ok_rate": 1.0,
    "rss_kb_delta_max": 14123008,
    "total_runs": 5,
    "wall_time_sec_avg": 3.6652472165995276,
    "wall_time_sec_p95": 3.5747138749575242
  },
  "generation": {
    "avg_keyword_coverage": 1.0,
    "cpu_time_sec_avg": 0.004962499999999981,
    "rss_kb_delta_max": 0,
    "success_rate": 1.0,
    "total_runs": 2,
    "wall_time_sec_avg": 3.6476804585254285,
    "wall_time_sec_p95": 2.3045763340196572
  },
  "provider": "openai",
  "tweak": {
    "avg_placeholder_preservation": 1.0,
    "avg_relevance_score": 0.8666666666666667,
    "cpu_time_sec_avg": 0.00514199999999998,
    "rss_kb_delta_max": 0,
    "success_rate": 1.0,
    "total_runs": 1,
    "wall_time_sec_avg": 0.6868615410057828
  }
}
